{"A":{"0":1.4288654615,"1":1.2893026547,"2":-0.1287363609,"3":0.2610488607,"4":0.69191229,"5":0.4659550648,"6":-0.4965700639,"7":-0.3906969193,"8":-0.2860122331,"9":0.5250308709},"B":{"0":0.2126696968,"1":-0.9939276232,"2":1.4850371789,"3":-0.4027780522,"4":-2.7676430036,"5":1.3702101051,"6":-0.9870816309,"7":2.6210717195,"8":1.6147749582,"9":-0.9949510456},"C":{"0":0.7334892801,"1":0.096898733,"2":-0.8148720839,"3":0.4042444732,"4":-1.8107142341,"5":-0.3845884623,"6":0.2951745097,"7":-1.7724006254,"8":1.3163199792,"9":0.1529629809},"D":{"0":0.3923371024,"1":1.5860161878,"2":0.4052501893,"3":-0.9108164885,"4":0.4175589328,"5":1.0287918294,"6":-0.7448125465,"7":-0.7780175659,"8":1.8898895036,"9":-0.0270382956},"E":{"0":0.9546294882,"1":0.0791249894,"2":0.3048463221,"3":-0.1527993625,"4":0.0500662679,"5":0.6678945374,"6":-0.3796652882,"7":-0.9940177939,"8":0.0431884903,"9":-1.0324157601}}